Coluna,Média
entry_id,46.5
temperatura,24.84501362333208
umidade,60.806700286681064
pressao,484.9051207999652
luminosidade,148.55826788317378
